[
    {
        "student_id": "stu01",
        "type": "휴학",
        "status": "승인"
    },
    {
        "student_id": "stu01",
        "type": "휴학",
        "status": "승인"
    },
    {
        "student_id": "stu01",
        "type": "복학",
        "status": "승인"
    },
    {
        "student_id": "stu01",
        "type": "복학",
        "status": "승인"
    },
    {
        "student_id": "stu02",
        "type": "자퇴",
        "status": "반려"
    },
    {
        "student_id": "stu01",
        "type": "자퇴",
        "status": "반려"
    }
]