{
    "C001": {"title": "파이썬기초및실습", "credits": 3.0, "professor_user_id": "pro01", "student_user_ids": ["stu01", "stu02", "stu03", "stu04", "stu05", "stu06", "stu07", "stu08", "stu25", "stu26", "stu27", "stu28", "stu29", "stu30", "stu31", "stu32", "stu33", "stu34", "stu35", "stu36", "stu37"]},
    "C002": {"title": "영상이해", "credits": 3.0, "professor_user_id": "pro02", "student_user_ids": ["stu01", "stu02", "stu03", "stu04", "stu05", "stu06", "stu07", "stu08", "stu09", "stu10", "stu11", "stu12", "stu13", "stu14", "stu15", "stu16", "stu33", "stu34", "stu35", "stu36", "stu37"]},
    "C003": {"title": "알기쉬운확률통계", "credits": 3.0, "professor_user_id": "pro03", "student_user_ids": ["stu09", "stu10", "stu11", "stu12", "stu13", "stu14", "stu15", "stu16", "stu25", "stu26", "stu27", "stu28", "stu29", "stu30", "stu31", "stu32"]},
    "C004": {"title": "인공지능기초수학", "credits": 3.0, "professor_user_id": "pro04", "student_user_ids": ["stu09", "stu10", "stu11", "stu12", "stu13", "stu14", "stu15", "stu16", "stu17", "stu18", "stu19", "stu20", "stu21", "stu22", "stu23", "stu24", "stu33", "stu34", "stu35", "stu36", "stu37"]},
    "C005": {"title": "논리적문제해결", "credits": 3.0, "professor_user_id": "pro05", "student_user_ids": ["stu17", "stu18", "stu19", "stu20", "stu21", "stu22", "stu23", "stu24", "stu25", "stu26", "stu27", "stu28", "stu29", "stu30", "stu31", "stu32"]},
    "C006": {"title": "시민공동체", "credits": 2.0, "professor_user_id": "pro06", "student_user_ids": ["stu01", "stu02", "stu03", "stu04", "stu05", "stu06", "stu07", "stu08", "stu09", "stu10", "stu11", "stu12", "stu13", "stu14", "stu15", "stu16", "stu17", "stu18", "stu19", "stu20", "stu21", "stu22", "stu23", "stu24", "stu25", "stu26", "stu27", "stu28", "stu29", "stu30", "stu31", "stu32", "stu33", "stu34", "stu35", "stu36", "stu37"]},
    "C007": {"title": "의사소통", "credits": 2.0, "professor_user_id": "pro07", "student_user_ids": ["stu01", "stu02", "stu03", "stu04", "stu05", "stu06", "stu07", "stu08", "stu09", "stu10", "stu11", "stu12", "stu13", "stu14", "stu15", "stu16", "stu17", "stu18", "stu19", "stu20", "stu21", "stu22", "stu23", "stu24", "stu25", "stu26", "stu27", "stu28", "stu29", "stu30", "stu31", "stu32", "stu33", "stu34", "stu35", "stu36", "stu37"]},
    "C008": {"title": "비판적사고와읽기", "credits": 2.0, "professor_user_id": "pro08", "student_user_ids": ["stu01", "stu02", "stu03", "stu04", "stu05", "stu06", "stu07", "stu08", "stu09", "stu10", "stu11", "stu12", "stu13", "stu14", "stu15", "stu16", "stu17", "stu18", "stu19", "stu20", "stu21", "stu22", "stu23", "stu24", "stu25", "stu26", "stu27", "stu28", "stu29", "stu30", "stu31", "stu32", "stu33", "stu34", "stu35", "stu36", "stu37"]}
}