{
    "stu01": {
        "시민공동체": "A+",
        "의사소통": "A0",
        "비판적사고와읽기": "B+",
        "파이썬기초및실습": "A+",
        "영상이해": "A0"
    },
    "stu02": {
        "시민공동체": "B0",
        "의사소통": "A+",
        "비판적사고와읽기": "A0",
        "파이썬기초및실습": "A+",
        "영상이해": "B0"
    },
    "stu03": {
        "시민공동체": "A0",
        "의사소통": "B+",
        "비판적사고와읽기": "A+",
        "파이썬기초및실습": "A+",
        "영상이해": "A+"
    },
    "stu04": {
        "시민공동체": "C+",
        "의사소통": "B0",
        "비판적사고와읽기": "B+",
        "파이썬기초및실습": "A+",
        "영상이해": "C+"
    },
    "stu05": {
        "시민공동체": "A+",
        "의사소통": "A+",
        "비판적사고와읽기": "A+",
        "파이썬기초및실습": "A+",
        "영상이해": "A0"
    },
    "stu06": {
        "시민공동체": "B+",
        "의사소통": "B+",
        "비판적사고와읽기": "B+",
        "파이썬기초및실습": "A+",
        "영상이해": "B+"
    },
    "stu07": {
        "시민공동체": "A0",
        "의사소통": "A0",
        "비판적사고와읽기": "A0",
        "파이썬기초및실습": "A+",
        "영상이해": "A0"
    },
    "stu08": {
        "시민공동체": "처리 중",
        "의사소통": "처리 중",
        "비판적사고와읽기": "처리 중",
        "파이썬기초및실습": "A+",
        "영상이해": "처리 중"
    },
    "stu09": {
        "시민공동체": "A+",
        "의사소통": "A0",
        "비판적사고와읽기": "B+",
        "알기쉬운확률통계": "A+",
        "인공지능기초수학": "A0"
    },
    "stu10": {
        "시민공동체": "B0",
        "의사소통": "A+",
        "비판적사고와읽기": "A0",
        "알기쉬운확률통계": "B+",
        "인공지능기초수학": "B0"
    },
    "stu11": {
        "시민공동체": "A0",
        "의사소통": "B+",
        "비판적사고와읽기": "A+",
        "알기쉬운확률통계": "A0",
        "인공지능기초수학": "A+"
    },
    "stu12": {
        "시민공동체": "C+",
        "의사소통": "B0",
        "비판적사고와읽기": "B+",
        "알기쉬운확률통계": "B0",
        "인공지능기초수학": "C+"
    },
    "stu13": {
        "시민공동체": "A+",
        "의사소통": "A+",
        "비판적사고와읽기": "A+",
        "알기쉬운확률통계": "A+",
        "인공지능기초수학": "A0"
    },
    "stu14": {
        "시민공동체": "B+",
        "의사소통": "B+",
        "비판적사고와읽기": "B+",
        "알기쉬운확률통계": "B+",
        "인공지능기초수학": "B+"
    },
    "stu15": {
        "시민공동체": "A0",
        "의사소통": "A0",
        "비판적사고와읽기": "A0",
        "알기쉬운확률통계": "A0",
        "인공지능기초수학": "A0"
    },
    "stu16": {
        "시민공동체": "처리 중",
        "의사소통": "처리 중",
        "비판적사고와읽기": "처리 중",
        "알기쉬운확률통계": "처리 중",
        "인공지능기초수학": "처리 중"
    },
    "stu17": {
        "시민공동체": "A+",
        "의사소통": "A0",
        "비판적사고와읽기": "B+",
        "논리적문제해결": "A+",
        "파이썬기초및실습": "A0"
    },
    "stu18": {
        "시민공동체": "B0",
        "의사소통": "A+",
        "비판적사고와읽기": "A0",
        "논리적문제해결": "B+",
        "파이썬기초및실습": "B0"
    },
    "stu19": {
        "시민공동체": "A0",
        "의사소통": "B+",
        "비판적사고와읽기": "A+",
        "논리적문제해결": "A0",
        "파이썬기초및실습": "A+"
    },
    "stu20": {
        "시민공동체": "C+",
        "의사소통": "B0",
        "비판적사고와읽기": "B+",
        "논리적문제해결": "B0",
        "파이썬기초및실습": "C+"
    },
    "stu21": {
        "시민공동체": "A+",
        "의사소통": "A+",
        "비판적사고와읽기": "A+",
        "논리적문제해결": "A+",
        "파이썬기초및실습": "A0"
    },
    "stu22": {
        "시민공동체": "B+",
        "의사소통": "B+",
        "비판적사고와읽기": "B+",
        "논리적문제해결": "B+",
        "파이썬기초및실습": "B+"
    },
    "stu23": {
        "시민공동체": "A0",
        "의사소통": "A0",
        "비판적사고와읽기": "A0",
        "논리적문제해결": "A0",
        "파이썬기초및실습": "A0"
    },
    "stu24": {
        "시민공동체": "처리 중",
        "의사소통": "처리 중",
        "비판적사고와읽기": "처리 중",
        "논리적문제해결": "처리 중",
        "파이썬기초및실습": "처리 중"
    },
    "stu25": {
        "시민공동체": "A+",
        "의사소통": "A0",
        "비판적사고와읽기": "B+",
        "영상이해": "A+",
        "알기쉬운확률통계": "A0",
        "파이썬기초및실습": "A+"
    },
    "stu26": {
        "시민공동체": "B0",
        "의사소통": "A+",
        "비판적사고와읽기": "A0",
        "영상이해": "B+",
        "알기쉬운확률통계": "B0",
        "파이썬기초및실습": "A+"
    },
    "stu27": {
        "시민공동체": "A0",
        "의사소통": "B+",
        "비판적사고와읽기": "A+",
        "영상이해": "A0",
        "알기쉬운확률통계": "A+",
        "파이썬기초및실습": "A+"
    },
    "stu28": {
        "시민공동체": "C+",
        "의사소통": "B0",
        "비판적사고와읽기": "B+",
        "영상이해": "B0",
        "알기쉬운확률통계": "C+",
        "파이썬기초및실습": "A+"
    },
    "stu29": {
        "시민공동체": "A+",
        "의사소통": "A+",
        "비판적사고와읽기": "A+",
        "영상이해": "A+",
        "알기쉬운확률통계": "A0",
        "파이썬기초및실습": "A+"
    },
    "stu30": {
        "시민공동체": "B+",
        "의사소통": "B+",
        "비판적사고와읽기": "B+",
        "영상이해": "B+",
        "알기쉬운확률통계": "B+",
        "파이썬기초및실습": "A+"
    },
    "stu31": {
        "시민공동체": "A0",
        "의사소통": "A0",
        "비판적사고와읽기": "A0",
        "인공지능기초수학": "A0",
        "논리적문제해결": "A0",
        "파이썬기초및실습": "A+"
    },
    "stu32": {
        "시민공동체": "처리 중",
        "의사소통": "처리 중",
        "비판적사고와읽기": "처리 중",
        "인공지능기초수학": "처리 중",
        "논리적문제해결": "처리 중",
        "파이썬기초및실습": "A+"
    },
    "stu33": {
        "시민공동체": "A+",
        "의사소통": "A0",
        "비판적사고와읽기": "B+",
        "영상이해": "A+",
        "인공지능기초수학": "A0",
        "파이썬기초및실습": "A+"
    },
    "stu34": {
        "시민공동체": "B0",
        "의사소통": "A+",
        "비판적사고와읽기": "A0",
        "영상이해": "B+",
        "인공지능기초수학": "B0",
        "파이썬기초및실습": "A+"
    },
    "stu35": {
        "시민공동체": "A0",
        "의사소통": "B+",
        "비판적사고와읽기": "A+",
        "영상이해": "A0",
        "인공지능기초수학": "A+",
        "파이썬기초및실습": "A+"
    },
    "stu36": {
        "시민공동체": "C+",
        "의사소통": "B0",
        "비판적사고와읽기": "B+",
        "논리적문제해결": "B0",
        "파이썬기초및실습": "A+"
    },
    "stu37": {
        "시민공동체": "A+",
        "의사소통": "A+",
        "비판적사고와읽기": "A+",
        "논리적문제해결": "A+",
        "파이썬기초및실습": "A+"
    },
    "stu38": {},
    "stu39": {}
}