{
    "pro01": {"name": "김영수", "professor_id": "P001", "department": "인공지능학과", "courses_taught": ["C001"]},
    "pro02": {"name": "송주환", "professor_id": "P002", "department": "인공지능학과", "courses_taught": ["C002"]},
    "pro03": {"name": "민정익", "professor_id": "P003", "department": "인공지능학과", "courses_taught": ["C003"]},
    "pro04": {"name": "고선우", "professor_id": "P004", "department": "인공지능학과", "courses_taught": ["C004"]},
    "pro05": {"name": "이근호", "professor_id": "P005", "department": "인공지능학과", "courses_taught": ["C005"]},
    "pro06": {"name": "정성진", "professor_id": "P006", "department": "인공지능학과", "courses_taught": ["C006"]},
    "pro07": {"name": "스캇", "professor_id": "P007", "department": "인공지능학과", "courses_taught": ["C007"]},
    "pro08": {"name": "이우현", "professor_id": "P008", "department": "인공지능학과", "courses_taught": ["C008"]}
}