{
    "stu01": {
        "name": "나지수",
        "student_id": "2025001",
        "major": "인공지능학과",
        "status": "재학",
        "aha_progress": 75,
        "chapel_count": 2,
        "earned_credits": 12.0
    },
    "stu02": {
        "name": "정종빈",
        "student_id": "2025002",
        "major": "인공지능학과",
        "status": "재학",
        "aha_progress": 85,
        "chapel_count": 3,
        "earned_credits": 15.0
    },
    "stu03": {
        "name": "임지후",
        "student_id": "2025003",
        "major": "인공지능학과",
        "status": "재학",
        "aha_progress": 100,
        "chapel_count": 4,
        "earned_credits": 12.0
    },
    "stu04": {
        "name": "장현준",
        "student_id": "2025004",
        "major": "인공지능학과",
        "status": "재학",
        "aha_progress": 60,
        "chapel_count": 1,
        "earned_credits": 15.0
    },
    "stu05": {
        "name": "강민서",
        "student_id": "2025005",
        "major": "인공지능학과",
        "status": "재학",
        "aha_progress": 40,
        "chapel_count": 0,
        "earned_credits": 12.0
    },
    "stu06": {
        "name": "김도현",
        "student_id": "2025006",
        "major": "인공지능학과",
        "status": "재학",
        "aha_progress": 55,
        "chapel_count": 2,
        "earned_credits": 15.0
    },
    "stu07": {
        "name": "박지성",
        "student_id": "2025007",
        "major": "인공지능학과",
        "status": "재학",
        "aha_progress": 90,
        "chapel_count": 3,
        "earned_credits": 12.0
    },
    "stu08": {
        "name": "최유리",
        "student_id": "2025008",
        "major": "인공지능학과",
        "status": "재학",
        "aha_progress": 30,
        "chapel_count": 1,
        "earned_credits": 15.0
    },
    "stu09": {
        "name": "한지호",
        "student_id": "2025009",
        "major": "인공지능학과",
        "status": "재학",
        "aha_progress": 70,
        "chapel_count": 2,
        "earned_credits": 15.0
    },
    "stu10": {
        "name": "윤서아",
        "student_id": "2025010",
        "major": "인공지능학과",
        "status": "재학",
        "aha_progress": 80,
        "chapel_count": 3,
        "earned_credits": 15.0
    },
    "stu11": {
        "name": "송민규",
        "student_id": "2025011",
        "major": "인공지능학과",
        "status": "재학",
        "aha_progress": 65,
        "chapel_count": 2,
        "earned_credits": 15.0
    },
    "stu12": {
        "name": "조예진",
        "student_id": "2025012",
        "major": "인공지능학과",
        "status": "재학",
        "aha_progress": 95,
        "chapel_count": 4,
        "earned_credits": 15.0
    },
    "stu13": {
        "name": "배진우",
        "student_id": "2025013",
        "major": "인공지능학과",
        "status": "재학",
        "aha_progress": 20,
        "chapel_count": 0,
        "earned_credits": 15.0
    },
    "stu14": {
        "name": "권하은",
        "student_id": "2025014",
        "major": "인공지능학과",
        "status": "재학",
        "aha_progress": 50,
        "chapel_count": 1,
        "earned_credits": 15.0
    },
    "stu15": {
        "name": "신동혁",
        "student_id": "2025015",
        "major": "인공지능학과",
        "status": "재학",
        "aha_progress": 75,
        "chapel_count": 2,
        "earned_credits": 15.0
    },
    "stu16": {
        "name": "황보라",
        "student_id": "2025016",
        "major": "인공지능학과",
        "status": "재학",
        "aha_progress": 88,
        "chapel_count": 3,
        "earned_credits": 15.0
    },
    "stu17": {
        "name": "서준호",
        "student_id": "2025017",
        "major": "인공지능학과",
        "status": "재학",
        "aha_progress": 45,
        "chapel_count": 1,
        "earned_credits": 12.0
    },
    "stu18": {
        "name": "고아라",
        "student_id": "2025018",
        "major": "인공지능학과",
        "status": "재학",
        "aha_progress": 60,
        "chapel_count": 2,
        "earned_credits": 12.0
    },
    "stu19": {
        "name": "문지환",
        "student_id": "2025019",
        "major": "인공지능학과",
        "status": "재학",
        "aha_progress": 35,
        "chapel_count": 0,
        "earned_credits": 12.0
    },
    "stu20": {
        "name": "양세란",
        "student_id": "2025020",
        "major": "인공지능학과",
        "status": "재학",
        "aha_progress": 50,
        "chapel_count": 1,
        "earned_credits": 12.0
    },
    "stu21": {
        "name": "박서준",
        "student_id": "2025021",
        "major": "인공지능학과",
        "status": "재학",
        "aha_progress": 65,
        "chapel_count": 2,
        "earned_credits": 12.0
    },
    "stu22": {
        "name": "안유진",
        "student_id": "2025022",
        "major": "인공지능학과",
        "status": "재학",
        "aha_progress": 82,
        "chapel_count": 3,
        "earned_credits": 12.0
    },
    "stu23": {
        "name": "김우빈",
        "student_id": "2025023",
        "major": "인공지능학과",
        "status": "재학",
        "aha_progress": 15,
        "chapel_count": 0,
        "earned_credits": 12.0
    },
    "stu24": {
        "name": "이성경",
        "student_id": "2025024",
        "major": "인공지능학과",
        "status": "재학",
        "aha_progress": 77,
        "chapel_count": 2,
        "earned_credits": 12.0
    },
    "stu25": {
        "name": "정해인",
        "student_id": "2025025",
        "major": "인공지능학과",
        "status": "재학",
        "aha_progress": 48,
        "chapel_count": 1,
        "earned_credits": 15.0
    },
    "stu26": {
        "name": "유인나",
        "student_id": "2025026",
        "major": "인공지능학과",
        "status": "재학",
        "aha_progress": 92,
        "chapel_count": 4,
        "earned_credits": 15.0
    },
    "stu27": {
        "name": "강하늘",
        "student_id": "2025027",
        "major": "인공지능학과",
        "status": "재학",
        "aha_progress": 58,
        "chapel_count": 2,
        "earned_credits": 15.0
    },
    "stu28": {
        "name": "백진희",
        "student_id": "2025028",
        "major": "인공지능학과",
        "status": "재학",
        "aha_progress": 33,
        "chapel_count": 1,
        "earned_credits": 15.0
    },
    "stu29": {
        "name": "남주혁",
        "student_id": "2025029",
        "major": "인공지능학과",
        "status": "재학",
        "aha_progress": 66,
        "chapel_count": 2,
        "earned_credits": 15.0
    },
    "stu30": {
        "name": "이지은",
        "student_id": "2025030",
        "major": "인공지능학과",
        "status": "재학",
        "aha_progress": 89,
        "chapel_count": 3,
        "earned_credits": 15.0
    },
    "stu31": {
        "name": "김현수",
        "student_id": "2025031",
        "major": "인공지능학과",
        "status": "재학",
        "aha_progress": 42,
        "chapel_count": 1,
        "earned_credits": 15.0
    },
    "stu32": {
        "name": "박소담",
        "student_id": "2025032",
        "major": "인공지능학과",
        "status": "재학",
        "aha_progress": 73,
        "chapel_count": 2,
        "earned_credits": 15.0
    },
    "stu33": {
        "name": "주원",
        "student_id": "2025033",
        "major": "인공지능학과",
        "status": "재학",
        "aha_progress": 25,
        "chapel_count": 0,
        "earned_credits": 15.0
    },
    "stu34": {
        "name": "천우희",
        "student_id": "2025034",
        "major": "인공지능학과",
        "status": "재학",
        "aha_progress": 90,
        "chapel_count": 3,
        "earned_credits": 15.0
    },
    "stu35": {
        "name": "박정환",
        "student_id": "2025035",
        "major": "인공지능학과",
        "status": "재학",
        "aha_progress": 80,
        "chapel_count": 2,
        "earned_credits": 15.0
    },
    "stu36": {
        "name": "이건우",
        "student_id": "2025036",
        "major": "인공지능학과",
        "status": "재학",
        "aha_progress": 70,
        "chapel_count": 2,
        "earned_credits": 15.0
    },
    "stu37": {
        "name": "장지영",
        "student_id": "2025037",
        "major": "인공지능학과",
        "status": "재학",
        "aha_progress": 65,
        "chapel_count": 1,
        "earned_credits": 15.0
    },
    "stu38": {
        "name": "조명진",
        "student_id": "2025038",
        "major": "인공지능학과",
        "status": "휴학",
        "aha_progress": 0,
        "chapel_count": 0,
        "earned_credits": 0.0
    },
    "stu39": {
        "name": "오승주",
        "student_id": "2025039",
        "major": "인공지능학과",
        "status": "휴학",
        "aha_progress": 0,
        "chapel_count": 0,
        "earned_credits": 0.0
    }
}